{"mse": 0.23709677636623383, "mse_q2": 0.2310478582792461, "mse_q1": 0.04822263799855797, "mse_q3": 0.6489220390717163, "mse_q0": 0.017263775693683953, "loss": 0.2458433493971824, "loss_q2": 0.23982057063733142, "loss_q1": 0.05696791217629627, "loss_q3": 0.6576942029558576, "loss_q0": 0.025960927790150114, "grad_norm": 0.2327320242667753, "step": 199950, "samples": 12796864, "_timestamp": 1671765113.8625638, "_runtime": 64468.84630274773, "_step": 4099, "eval_mse": 0.2357986867427826, "eval_mse_q2": 0.2411837213887618, "eval_mse_q1": 0.063888277599795, "eval_mse_q0": 0.015771966835018247, "eval_mse_q3": 0.6207874592612771, "eval_loss": 0.24477463960647583, "eval_loss_q2": 0.2500605061650276, "eval_loss_q1": 0.07322294140855472, "eval_loss_q0": 0.02479072031565011, "eval_loss_q3": 0.6294191707583033, "_wandb": {"runtime": 64473}}