{"mse": 0.23984849095344546, "mse_q2": 0.22482401685858217, "mse_q1": 0.054238498924998026, "mse_q3": 0.645763606930602, "mse_q0": 0.01756769857204004, "loss": 0.24892570912837983, "loss_q2": 0.2337836980520759, "loss_q1": 0.06342808578496184, "loss_q3": 0.6549002791055829, "loss_q0": 0.026587474395766572, "grad_norm": 0.22274418845297983, "step": 171650, "samples": 10985664, "_timestamp": 1671866717.9930782, "_runtime": 85686.6284031868, "_step": 3519, "eval_mse": 0.23662805557250977, "eval_mse_q2": 0.15002861572429535, "eval_mse_q1": 0.04909952704540707, "eval_mse_q0": 0.02501587315152089, "eval_mse_q3": 0.6572914484300112, "eval_loss": 0.24550488591194153, "eval_loss_q2": 0.15921506751328707, "eval_loss_q1": 0.05773482674902136, "eval_loss_q0": 0.0340616340438525, "eval_loss_q3": 0.6661842935963681}1}