{"mse": 0.05715972512960435, "mse_q2": 0.07223987651054208, "mse_q0": 0.020222400508305764, "mse_q3": 0.09540856218797418, "mse_q1": 0.042003817536205926, "loss": 0.05903102651238441, "loss_q2": 0.07408892591089819, "loss_q0": 0.02211183384358087, "loss_q3": 0.09729082239926713, "loss_q1": 0.043869969918674485, "grad_norm": 0.02464782637391388, "step": 378000, "samples": 24192064, "_timestamp": 1671866722.1913903, "_runtime": 168875.33780622482, "_step": 7750, "eval_mse": 0.05153696984052658, "eval_mse_q1": 0.03847908191382885, "eval_mse_q2": 0.07626464921567176, "eval_mse_q0": 0.019864327856339507, "eval_mse_q3": 0.08381916433572768, "eval_loss": 0.05340809002518654, "eval_loss_q1": 0.04038891615346074, "eval_loss_q2": 0.07821736339893606, "eval_loss_q0": 0.021750800427980718, "eval_loss_q3": 0.08544139787554741}