{"mse": 0.25833058774471296, "mse_q2": 0.2724771139740797, "mse_q1": 0.08615699558850032, "mse_q3": 0.6459813493091879, "mse_q0": 0.023174231646951916, "loss": 0.27009541392326364, "loss_q2": 0.2842624770645893, "loss_q1": 0.09786792789370084, "loss_q3": 0.6578126846268637, "loss_q0": 0.03490535909704231, "grad_norm": 0.18211312495932983, "step": 63400, "samples": 4057664, "_timestamp": 1671700779.830256, "_runtime": 18849.437275886536, "_step": 1300, "eval_mse": 0.26295751333236694, "eval_mse_q2": 0.32683901488780975, "eval_mse_q1": 0.0844348485271136, "eval_mse_q0": 0.02483598493217003, "eval_mse_q3": 0.654045131471422, "eval_loss": 0.27442583441734314, "eval_loss_q2": 0.3378082498908042, "eval_loss_q1": 0.09594960883259773, "eval_loss_q0": 0.036370678937860904, "eval_loss_q3": 0.665674583779441}